"kaptCode","kaptName","bjdCode","as1","as2","as3","as4","createdAt"
A10020737,진주의봄 아파트,"4817013100",경상남도,진주시,가좌동,,"2025-04-22 17:27:04.611"
A10021300,가좌대화리네르빌,"4817013100",경상남도,진주시,가좌동,,"2025-04-22 17:27:04.622"
A10021358,경상국립대 행복주택,"4817013100",경상남도,진주시,가좌동,,"2025-04-22 17:27:04.632"
A10022558,우미린 더시그니처,"4817013100",경상남도,진주시,가좌동,,"2025-04-22 17:27:04.643"
A10022624,신진주라비에데시앙 ,"4817013100",경상남도,진주시,가좌동,,"2025-04-22 17:27:04.654"
A10023967,프리미어웰가,"4817013100",경상남도,진주시,가좌동,,"2025-04-22 17:27:04.664"
A10024740,신진주시티프라디움2차아파트,"4817013100",경상남도,진주시,가좌동,,"2025-04-22 17:27:04.674"
A10025102,포레나신진주아파트,"4817013100",경상남도,진주시,가좌동,,"2025-04-22 17:27:04.684"
A10025172,SKY시티프라디움,"4817013100",경상남도,진주시,가좌동,,"2025-04-22 17:27:04.696"
A10025903,센트럴웰가아파트,"4817013100",경상남도,진주시,가좌동,,"2025-04-22 17:27:04.706"
A66030001,제일풍경채,"4817013100",경상남도,진주시,가좌동,,"2025-04-22 17:27:04.716"
A66070101,가호에일린의뜰,"4817013100",경상남도,진주시,가좌동,,"2025-04-22 17:27:04.726"
A66070102,가좌올리움,"4817013100",경상남도,진주시,가좌동,,"2025-04-22 17:27:04.736"
A66076105,진주가좌1주공,"4817013100",경상남도,진주시,가좌동,,"2025-04-22 17:27:04.747"
A66077903,가좌그린빌주공,"4817013100",경상남도,진주시,가좌동,,"2025-04-22 17:27:04.757"
A66078902,가좌3주공,"4817013100",경상남도,진주시,가좌동,,"2025-04-22 17:27:04.767"
A66078904,진주가좌주공2아파트,"4817013100",경상남도,진주시,가좌동,,"2025-04-22 17:27:04.778"
A10022106,일진스위트포레강남,"4817010300",경상남도,진주시,강남동,,"2025-04-22 17:27:03.557"
A10024438,진주 일동미라주 아파트,"4817010300",경상남도,진주시,강남동,,"2025-04-22 17:27:03.568"
A66025001,대경강남타운,"4817010300",경상남도,진주시,강남동,,"2025-04-22 17:27:03.578"
A66025002,동성가든타워,"4817010300",경상남도,진주시,강남동,,"2025-04-22 17:27:03.588"
A66025003,한주한보타운,"4817010300",경상남도,진주시,강남동,,"2025-04-22 17:27:03.597"
A66079203,느티나무,"4817041027",경상남도,진주시,금산면,장사리,"2025-04-22 17:27:05.097"
A66079301,진주푸르지오2단지,"4817041027",경상남도,진주시,금산면,장사리,"2025-04-22 17:27:05.108"
A66079304,진주푸르지오1단지,"4817041027",경상남도,진주시,금산면,장사리,"2025-04-22 17:27:05.118"
A66092102,금산e편한세상,"4817041027",경상남도,진주시,금산면,장사리,"2025-04-22 17:27:05.128"
A66092106,금산두산위브,"4817041027",경상남도,진주시,금산면,장사리,"2025-04-22 17:27:05.138"
A66092107,금산흥한골든빌,"4817041027",경상남도,진주시,금산면,장사리,"2025-04-22 17:27:05.148"
A66092108,금산아이파크,"4817041027",경상남도,진주시,금산면,장사리,"2025-04-22 17:27:05.159"
A66092109,금산진흥더루벤스,"4817041026",경상남도,진주시,금산면,중천리,"2025-04-22 17:27:05.085"
A66081101,남강휴먼빌,"4817031021",경상남도,진주시,내동면,독산리,"2025-04-22 17:27:05.034"
A66026001,망경한보타운,"4817010100",경상남도,진주시,망경동,,"2025-04-22 17:27:03.483"
A66095301,명석동신,"4817044031",경상남도,진주시,명석면,우수리,"2025-04-22 17:27:05.179"
A10025899,진주문산LH아파트,"4817025023",경상남도,진주시,문산읍,삼곡리,"2025-04-22 17:27:05.013"
A66084101,진주문산코아루,"4817025022",경상남도,진주시,문산읍,소문리,"2025-04-22 17:27:05.003"
A66084102,진주문산파란채,"4817025023",경상남도,진주시,문산읍,삼곡리,"2025-04-22 17:27:05.024"
A10021514,상대흥한아파트,"4817011900",경상남도,진주시,상대동,,"2025-04-22 17:27:03.721"
A10021541,대동아파트,"4817011900",경상남도,진주시,상대동,,"2025-04-22 17:27:03.731"
A66032001,상대한주그린,"4817011900",경상남도,진주시,상대동,,"2025-04-22 17:27:03.741"
A66076302,상대현대,"4817011900",경상남도,진주시,상대동,,"2025-04-22 17:27:03.751"
A66076402,상대한보타운,"4817011900",경상남도,진주시,상대동,,"2025-04-22 17:27:03.762"
A66080801,동서훼미리,"4817011900",경상남도,진주시,상대동,,"2025-04-22 17:27:03.772"
A10021129,상봉2차주공아파트,"4817011400",경상남도,진주시,상봉동,,"2025-04-22 17:27:03.650"
A10022148,에스디푸른마을아파트,"4817011400",경상남도,진주시,상봉동,,"2025-04-22 17:27:03.660"
A66005001,상봉화인,"4817011400",경상남도,진주시,상봉동,,"2025-04-22 17:27:03.670"
A66005002,상봉한주타운,"4817011400",경상남도,진주시,상봉동,,"2025-04-22 17:27:03.680"
A66076501,상봉1차,"4817011400",경상남도,진주시,상봉동,,"2025-04-22 17:27:03.690"
A10021424,촉석아파트,"4817012100",경상남도,진주시,상평동,,"2025-04-22 17:27:03.966"
A10021877,동국1차강변타워,"4817012100",경상남도,진주시,상평동,,"2025-04-22 17:27:03.976"
A10021885,석류아파트,"4817012100",경상남도,진주시,상평동,,"2025-04-22 17:27:03.986"
A10021886,상평동신아파트,"4817012100",경상남도,진주시,상평동,,"2025-04-22 17:27:03.997"
A66034003,상평동일스위트,"4817012100",경상남도,진주시,상평동,,"2025-04-22 17:27:04.007"
A66072301,진주센트럴자이,"4817012100",경상남도,진주시,상평동,,"2025-04-22 17:27:04.017"
A66090202,동국제2강변타워,"4817012100",경상남도,진주시,상평동,,"2025-04-22 17:27:04.027"
A66090401,상평대림,"4817012100",경상남도,진주시,상평동,,"2025-04-22 17:27:04.037"
A10021653,그린타운,"4817012500",경상남도,진주시,신안동,,"2025-04-22 17:27:04.179"
A10022191,국제아파트,"4817012500",경상남도,진주시,신안동,,"2025-04-22 17:27:04.190"
A10022203,신안 한보타워맨션,"4817012500",경상남도,진주시,신안동,,"2025-04-22 17:27:04.200"
A66090501,한주파크맨션,"4817012500",경상남도,진주시,신안동,,"2025-04-22 17:27:04.210"
A66090508,신안현대,"4817012500",경상남도,진주시,신안동,,"2025-04-22 17:27:04.220"
A66090802,흥한타운1,"4817012500",경상남도,진주시,신안동,,"2025-04-22 17:27:04.231"
A66090803,신안2차흥한타운,"4817012500",경상남도,진주시,신안동,,"2025-04-22 17:27:04.241"
A66090804,평거2차현대아파트,"4817012500",경상남도,진주시,신안동,,"2025-04-22 17:27:04.251"
A66090805,평거1차현대,"4817012500",경상남도,진주시,신안동,,"2025-04-22 17:27:04.261"
A66090806,신안주공2단지,"4817012500",경상남도,진주시,신안동,,"2025-04-22 17:27:04.271"
A66090807,신안주공2차21,"4817012500",경상남도,진주시,신안동,,"2025-04-22 17:27:04.281"
A66090809,신안1차주공,"4817012500",경상남도,진주시,신안동,,"2025-04-22 17:27:04.291"
A66090810,신안3주공,"4817012500",경상남도,진주시,신안동,,"2025-04-22 17:27:04.302"
A10024143,진주옥봉엘에이치아파트,"4817011800",경상남도,진주시,옥봉동,,"2025-04-22 17:27:03.700"
A10025572,옥봉대림아파트,"4817011800",경상남도,진주시,옥봉동,,"2025-04-22 17:27:03.711"
A66007001,유곡한보,"4817012800",경상남도,진주시,유곡동,,"2025-04-22 17:27:04.591"
A66008003,이현하이클래스웰가,"4817012700",경상남도,진주시,이현동,,"2025-04-22 17:27:04.561"
A66078302,이현주공,"4817012700",경상남도,진주시,이현동,,"2025-04-22 17:27:04.571"
A66098301,이현덕산,"4817012700",경상남도,진주시,이현동,,"2025-04-22 17:27:04.581"
A10021677,태완노블리안,"4817036021",경상남도,진주시,일반성면,창촌리,"2025-04-22 17:27:05.075"
A10025006,정촌올리움,"4817032025",경상남도,진주시,정촌면,예하리,"2025-04-22 17:27:05.044"
A10025747,정촌대경파미르아파트,"4817032025",경상남도,진주시,정촌면,예하리,"2025-04-22 17:27:05.054"
A10026632,진주우방아이유쉘,"4817032025",경상남도,진주시,정촌면,예하리,"2025-04-22 17:27:05.065"
A66029001,현대성우트리팰리스,"4817010200",경상남도,진주시,주약동,,"2025-04-22 17:27:03.495"
A66029003,금호석류마을,"4817010200",경상남도,진주시,주약동,,"2025-04-22 17:27:03.504"
A66077001,삼환나우빌,"4817010200",경상남도,진주시,주약동,,"2025-04-22 17:27:03.516"
A66077104,주약현대아파트,"4817010200",경상남도,진주시,주약동,,"2025-04-22 17:27:03.527"
A66077202,한보은빛마을,"4817010200",경상남도,진주시,주약동,,"2025-04-22 17:27:03.537"
A66077305,한주럭키타운,"4817010200",경상남도,진주시,주약동,,"2025-04-22 17:27:03.547"
A66093101,금빛마을현대아파트,"4817042022",경상남도,진주시,집현면,봉강리,"2025-04-22 17:27:05.169"
A10020937,더샵 진주피에르테,"4817012200",경상남도,진주시,초전동,,"2025-04-22 17:27:04.047"
A10025648,힐스테이트 초전,"4817012200",경상남도,진주시,초전동,,"2025-04-22 17:27:04.057"
A10025922,진주초장이지더원아파트,"4817012200",경상남도,진주시,초전동,,"2025-04-22 17:27:04.068"
A66078404,초전현대,"4817012200",경상남도,진주시,초전동,,"2025-04-22 17:27:04.078"
A66078503,초전흥한황토방아파트,"4817012200",경상남도,진주시,초전동,,"2025-04-22 17:27:04.088"
A66078605,초전청구타운,"4817012200",경상남도,진주시,초전동,,"2025-04-22 17:27:04.098"
A66078606,진주초전푸르지오1단지,"4817012200",경상남도,진주시,초전동,,"2025-04-22 17:27:04.108"
A66078607,초전푸르지오2단지,"4817012200",경상남도,진주시,초전동,,"2025-04-22 17:27:04.118"
A66078608,진주초장엠코타운더이스턴파크,"4817012200",경상남도,진주시,초전동,,"2025-04-22 17:27:04.129"
A66078609,초전 해모로 루비채 2단지,"4817012200",경상남도,진주시,초전동,,"2025-04-22 17:27:04.139"
A66078610,초전해모로루비채4단지,"4817012200",경상남도,진주시,초전동,,"2025-04-22 17:27:04.149"
A66098501,초전일동,"4817012200",경상남도,진주시,초전동,,"2025-04-22 17:27:04.159"
A66098602,대림,"4817012200",경상남도,진주시,초전동,,"2025-04-22 17:27:04.169"
A10024693,진주 중흥S-클래스 더퍼스트,"4817013700",경상남도,진주시,충무공동,,"2025-04-22 17:27:04.829"
A10024714,중흥S클래스센트럴시티C3,"4817013700",경상남도,진주시,충무공동,,"2025-04-22 17:27:04.839"
A10024715,중흥S클래스센트럴시티C2,"4817013700",경상남도,진주시,충무공동,,"2025-04-22 17:27:04.849"
A10024718,진주혁신중흥S클래스센트럴시티C-4,"4817013700",경상남도,진주시,충무공동,,"2025-04-22 17:27:04.859"
A10024836,진주포레스트부영아파트,"4817013700",경상남도,진주시,충무공동,,"2025-04-22 17:27:04.870"
A10025475,진주혁신 중흥 s-클래스(12단지),"4817013700",경상남도,진주시,충무공동,,"2025-04-22 17:27:04.880"
A10025629,휴앤인 엘리시움,"4817013700",경상남도,진주시,충무공동,,"2025-04-22 17:27:04.890"
A10026085,진주혁신대방노블랜드1차,"4817013700",경상남도,진주시,충무공동,,"2025-04-22 17:27:04.900"
A10026236,혁신도시LH아파트3단지,"4817013700",경상남도,진주시,충무공동,,"2025-04-22 17:27:04.910"
A10026436,혁신도시엔에이치에프10단지,"4817013700",경상남도,진주시,충무공동,,"2025-04-22 17:27:04.921"
A10026663,진주라온프라이빗아파트,"4817013700",경상남도,진주시,충무공동,,"2025-04-22 17:27:04.931"
A10026929,경남혁신도시LH9단지,"4817013700",경상남도,진주시,충무공동,,"2025-04-22 17:27:04.941"
A10027776,혁신도시엘에이치아파트8단지,"4817013700",경상남도,진주시,충무공동,,"2025-04-22 17:27:04.951"
A10027818,한림풀에버,"4817013700",경상남도,진주시,충무공동,,"2025-04-22 17:27:04.962"
A66084103,진주혁신코오롱하늘채,"4817013700",경상남도,진주시,충무공동,,"2025-04-22 17:27:04.973"
A66084105,혁신도시엘에이치5단지,"4817013700",경상남도,진주시,충무공동,,"2025-04-22 17:27:04.983"
A66092110,진주혁신도시 센텀리버파크,"4817013700",경상남도,진주시,충무공동,,"2025-04-22 17:27:04.993"
A66098703,칠암한주,"4817010400",경상남도,진주시,칠암동,,"2025-04-22 17:27:03.607"
A66098801,칠암대덕,"4817010400",경상남도,진주시,칠암동,,"2025-04-22 17:27:03.618"
A66098802,칠암현대,"4817010400",경상남도,진주시,칠암동,,"2025-04-22 17:27:03.628"
A66098901,판문현대,"4817012900",경상남도,진주시,판문동,,"2025-04-22 17:27:04.601"
A10021592,대경그린파크,"4817012600",경상남도,진주시,평거동,,"2025-04-22 17:27:04.312"
A10021671,국민주택아파트,"4817012600",경상남도,진주시,평거동,,"2025-04-22 17:27:04.322"
A10021771,평거하우스토리아파트,"4817012600",경상남도,진주시,평거동,,"2025-04-22 17:27:04.332"
A10021898,원정로얄팰리스,"4817012600",경상남도,진주시,평거동,,"2025-04-22 17:27:04.342"
A10022075,진주평거 햇살마을,"4817012600",경상남도,진주시,평거동,,"2025-04-22 17:27:04.352"
A10022212,평거대화리네르빌,"4817012600",경상남도,진주시,평거동,,"2025-04-22 17:27:04.363"
A10025368,진주평거 우방아이유쉘 스카이팰리스,"4817012600",경상남도,진주시,평거동,,"2025-04-22 17:27:04.373"
A10026639,건영 아모리움,"4817012600",경상남도,진주시,평거동,,"2025-04-22 17:27:04.389"
A10027160,진주평거엘크루아파트,"4817012600",경상남도,진주시,평거동,,"2025-04-22 17:27:04.398"
A10028091,더 퀸즈 웰가,"4817012600",경상남도,진주시,평거동,,"2025-04-22 17:27:04.408"
A66077407,들말대경,"4817012600",경상남도,진주시,평거동,,"2025-04-22 17:27:04.419"
A66077408,평거휴먼시아3단지,"4817012600",경상남도,진주시,평거동,,"2025-04-22 17:27:04.429"
A66077409,평거휴먼시아4단지,"4817012600",경상남도,진주시,평거동,,"2025-04-22 17:27:04.439"
A66077410,진주평거5단지,"4817012600",경상남도,진주시,평거동,,"2025-04-22 17:27:04.449"
A66077411,엠코타운더프라하,"4817012600",경상남도,진주시,평거동,,"2025-04-22 17:27:04.459"
A66077508,들말한보타운,"4817012600",경상남도,진주시,평거동,,"2025-04-22 17:27:04.470"
A66077609,들말흥한타운,"4817012600",경상남도,진주시,평거동,,"2025-04-22 17:27:04.480"
A66077710,진주평거2,"4817012600",경상남도,진주시,평거동,,"2025-04-22 17:27:04.490"
A66078706,신안평거한보타운,"4817012600",경상남도,진주시,평거동,,"2025-04-22 17:27:04.500"
A66099101,하영무지개,"4817012600",경상남도,진주시,평거동,,"2025-04-22 17:27:04.510"
A66099102,한보하이타운,"4817012600",경상남도,진주시,평거동,,"2025-04-22 17:27:04.520"
A66099103,하영그린맨션,"4817012600",경상남도,진주시,평거동,,"2025-04-22 17:27:04.531"
A66099104,벽산동신,"4817012600",경상남도,진주시,평거동,,"2025-04-22 17:27:04.541"
A66099105,평거주공1차,"4817012600",경상남도,진주시,평거동,,"2025-04-22 17:27:04.551"
A10022096,진주 롯데인벤스,"4817011000",경상남도,진주시,평안동,,"2025-04-22 17:27:03.638"
A10021548,삼전1차맨션,"4817012000",경상남도,진주시,하대동,,"2025-04-22 17:27:03.782"
A10021641,건일아파트,"4817012000",경상남도,진주시,하대동,,"2025-04-22 17:27:03.792"
A10021700,도운아파트,"4817012000",경상남도,진주시,하대동,,"2025-04-22 17:27:03.802"
A10022231,하대 임광아파트,"4817012000",경상남도,진주시,하대동,,"2025-04-22 17:27:03.812"
A66033001,하대대경,"4817012000",경상남도,진주시,하대동,,"2025-04-22 17:27:03.823"
A66033002,하대한보힐타워,"4817012000",경상남도,진주시,하대동,,"2025-04-22 17:27:03.833"
A66033003,삼전프라자,"4817012000",경상남도,진주시,하대동,,"2025-04-22 17:27:03.843"
A66033004,하대대영,"4817012000",경상남도,진주시,하대동,,"2025-04-22 17:27:03.853"
A66033005,하대대림,"4817012000",경상남도,진주시,하대동,,"2025-04-22 17:27:03.863"
A66033006,도동대림아파트,"4817012000",경상남도,진주시,하대동,,"2025-04-22 17:27:03.873"
A66033007,하대한보3차,"4817012000",경상남도,진주시,하대동,,"2025-04-22 17:27:03.884"
A66033008,하대주공,"4817012000",경상남도,진주시,하대동,,"2025-04-22 17:27:03.895"
A66033009,상대주공,"4817012000",경상남도,진주시,하대동,,"2025-04-22 17:27:03.905"
A66077803,하대현대,"4817012000",경상남도,진주시,하대동,,"2025-04-22 17:27:03.915"
A66099301,하대쌍용,"4817012000",경상남도,진주시,하대동,,"2025-04-22 17:27:03.926"
A66099302,하대일신,"4817012000",경상남도,진주시,하대동,,"2025-04-22 17:27:03.936"
A66099501,럭키강변타워,"4817012000",경상남도,진주시,하대동,,"2025-04-22 17:27:03.946"
A66099502,하대한보타워,"4817012000",경상남도,진주시,하대동,,"2025-04-22 17:27:03.956"
A10022010,대경아르떼빌,"4817013200",경상남도,진주시,호탄동,,"2025-04-22 17:27:04.788"
A66031001,호탄삼성,"4817013200",경상남도,진주시,호탄동,,"2025-04-22 17:27:04.798"
A66031002,호탄대경빌라트,"4817013200",경상남도,진주시,호탄동,,"2025-04-22 17:27:04.808"
A66078803,대동황토방,"4817013200",경상남도,진주시,호탄동,,"2025-04-22 17:27:04.818"
