단지명,계약일자,보증금액,전용면적,층,건축년도,주소
,2023-01-28,23000,75.998,26,2021,강남동 387
,2023-01-04,32000,84.8133,22,2018,가좌동 1981
,2023-01-28,23000,75.998,26,2021,강남동 387
,2023-01-28,23000,75.998,26,2021,강남동 387
,2023-01-31,30000,84.9914,24,2018,가좌동 1981
,2023-01-25,29000,75.7795,18,2018,가좌동 1981
,2023-01-20,32000,84.9222,32,2018,가좌동 1981
,2023-01-28,23000,75.998,26,2021,강남동 387
,2023-01-14,25000,59.8868,7,2018,가좌동 1981
,2023-01-05,19500,75.7795,18,2018,가좌동 1981
,2023-01-04,27000,84.9914,26,2018,가좌동 1981
,2023-01-04,29500,84.9914,19,2018,가좌동 1981
,2023-02-18,30000,84.9222,14,2018,가좌동 1981
,2023-02-20,28000,84.9806,15,2021,강남동 387
,2023-02-25,30000,84.8133,18,2018,가좌동 1981
,2023-02-25,30000,84.8133,18,2018,가좌동 1981
,2023-02-25,30000,84.8133,18,2018,가좌동 1981
,2023-02-20,28000,84.9806,15,2021,강남동 387
,2023-02-11,28000,84.9914,26,2018,가좌동 1981
,2023-02-16,31500,84.9914,11,2018,가좌동 1981
,2023-02-16,31500,84.9914,11,2018,가좌동 1981
,2023-02-25,31000,84.9222,33,2018,가좌동 1981
,2023-02-19,27000,84.9806,6,2021,강남동 387
,2023-02-12,28000,59.4732,5,2018,가좌동 1981
,2023-02-18,30000,84.9222,7,2018,가좌동 1981
,2023-02-18,30000,84.9222,14,2018,가좌동 1981
,2023-02-18,27000,84.9806,6,2021,강남동 387
,2023-02-11,30000,84.8381,6,2018,가좌동 1981
,2023-02-10,4800,39.49,5,2003,봉곡동 469-9
,2023-02-11,28000,75.3872,33,2018,가좌동 1981
,2023-02-07,26000,75.3872,6,2018,가좌동 1981
,2023-02-04,5425,55.8,3,1983,이현동 8-1
,2023-03-22,26000,75.998,18,2021,강남동 387
,2023-03-22,26000,75.998,18,2021,강남동 387
,2023-03-22,26000,75.998,18,2021,강남동 387
,2023-03-30,29000,84.9831,20,2021,강남동 387
,2023-03-25,29500,84.9806,15,2021,강남동 387
,2023-03-22,26000,75.998,18,2021,강남동 387
,2023-03-30,32000,84.9806,22,2021,강남동 387
,2023-03-01,32000,84.9222,23,2018,가좌동 1981
,2023-03-18,30000,75.3872,24,2018,가좌동 1981
,2023-04-09,34000,84.8133,28,2018,가좌동 1981
,2023-04-09,34000,84.8133,28,2018,가좌동 1981
,2023-04-08,27000,75.998,5,2021,강남동 387
,2023-04-30,27000,59.8868,1,2018,가좌동 1981
,2023-04-10,23100,84.9222,30,2018,가좌동 1981
,2023-04-10,30000,84.9914,10,2018,가좌동 1981
,2023-04-27,29000,84.9806,11,2021,강남동 387
,2023-04-03,7500,33.06,2,2017,하대동 603-1
,2023-04-21,28000,75.998,12,2021,강남동 387
,2023-04-15,32000,84.9914,27,2018,가좌동 1981
,2023-04-05,31000,84.9806,12,2021,강남동 387
,2023-04-01,30500,84.9806,24,2021,강남동 387
,2023-05-25,29000,84.9831,32,2021,강남동 387
,2023-05-12,30000,84.9222,3,2018,가좌동 1981
,2023-05-20,33000,84.9222,12,2018,가좌동 1981
,2023-05-28,28300,84.9831,22,2021,강남동 387
,2023-05-28,29900,84.9806,10,2021,강남동 387
,2023-05-24,30000,84.9806,14,2021,강남동 387
,2023-05-20,30000,84.9222,2,2018,가좌동 1981
,2023-05-02,30000,84.9806,10,2021,강남동 387
,2023-05-05,31000,84.9914,16,2018,가좌동 1981
,2023-05-01,7500,59.35,3,1990,상평동 239-2
,2023-05-01,7500,59.35,3,1990,상평동 239-2
,2023-06-28,37000,109.9586,15,2021,강남동 387
,2023-06-08,34000,84.9914,8,2018,가좌동 1981
,2023-06-30,6500,59.94,2,1990,상평동 250-1
,2023-06-10,29700,84.9831,12,2021,강남동 387
,2023-06-22,29700,84.9831,12,2021,강남동 387
,2023-06-17,27000,59.45,27,2018,가좌동 1981
,2023-06-01,10100,51.01,4,2017,하대동 603-8
,2023-06-15,28875,84.9831,18,2021,강남동 387
,2023-06-10,30000,84.9831,12,2021,강남동 387
,2023-06-03,34000,84.9222,24,2018,가좌동 1981
,2023-07-08,3500,84.9222,15,2018,가좌동 1981
,2023-07-10,35000,84.8133,16,2018,가좌동 1981
,2023-07-21,30000,84.9222,2,2018,가좌동 1981
,2023-07-23,35000,84.9222,27,2018,가좌동 1981
,2023-07-20,33700,84.9222,17,2018,가좌동 1981
,2023-07-10,30000,84.9222,14,2018,가좌동 1981
,2023-07-08,35000,84.9222,15,2018,가좌동 1981
,2023-07-06,35000,84.9222,15,2018,가좌동 1981
,2023-08-12,32000,84.9831,12,2021,강남동 387
,2023-08-03,40000,84.9222,6,2018,가좌동 1981
,2023-08-24,10000,54.09,2,2017,하대동 637
,2023-08-09,35000,84.9222,23,2018,가좌동 1981
,2023-08-30,35000,84.9222,26,2018,가좌동 1981
,2023-08-03,4000,44.7,4,1990,상평동 250-1
,2023-08-24,10000,54.09,2,2017,하대동 637
,2023-08-24,34500,84.9222,7,2018,가좌동 1981
,2023-08-17,35000,84.9222,12,2018,가좌동 1981
,2023-08-20,34500,84.9222,7,2018,가좌동 1981
,2023-08-16,29000,84.9831,9,2021,강남동 387
,2023-08-07,35000,84.8133,5,2018,가좌동 1981
,2023-08-16,29000,84.9831,9,2021,강남동 387
,2023-08-24,34500,84.9222,7,2018,가좌동 1981
,2023-09-24,35000,84.9222,28,2018,가좌동 1981
,2023-09-09,4800,39.49,5,2003,봉곡동 469-9
,2023-09-17,27000,59.45,12,2018,가좌동 1981
,2023-09-24,35000,84.9222,28,2018,가좌동 1981
,2023-10-12,31000,84.9806,33,2021,강남동 387
,2023-10-22,32000,75.7795,17,2018,가좌동 1981
,2023-10-12,35000,109.9586,6,2021,강남동 387
,2023-10-31,35500,84.9222,25,2018,가좌동 1981
,2023-10-26,4000,39.49,6,2003,봉곡동 469-9
,2023-10-26,6200,59.35,4,1990,상평동 239-2
,2023-10-04,8500,58.55,5,2004,봉곡동 474-37
,2023-10-04,30000,84.9831,6,2021,강남동 387
,2023-10-18,10700,83.77,7,2001,상대동 892-5
,2023-11-30,4000,44.7,4,1990,상평동 250-1
,2023-11-18,34500,109.9586,9,2021,강남동 387
,2023-11-11,5000,43.7,8,1992,문산읍 소문리 816-2
,2023-11-09,30000,84.9831,33,2021,강남동 387
,2023-11-16,12000,129.02,6,1990,상대동 294-3
,2023-11-12,36000,84.8133,22,2018,가좌동 1981
,2023-11-14,28000,75.3872,33,2018,가좌동 1981
,2023-11-14,28000,75.3872,33,2018,가좌동 1981
,2023-11-14,37000,109.9586,25,2021,강남동 387
,2023-11-07,31000,84.9831,5,2021,강남동 387
,2023-12-01,5500,63.75,5,1987,인사동 167-1
,2023-12-02,34000,109.9586,10,2021,강남동 387
,2023-12-31,30000,84.8133,31,2018,가좌동 1981
,2023-12-27,37000,84.9222,23,2018,가좌동 1981
,2023-12-17,6000,77.92,2,1991,이현동 240
,2023-12-09,34000,75.3872,31,2018,가좌동 1981
,2023-12-12,15000,84.9222,18,2018,가좌동 1981
,2023-12-11,35000,84.9222,33,2018,가좌동 1981
,2023-12-04,29000,84.9831,3,2021,강남동 387
,2024-01-17,12000,50.94,4,2017,하대동 637
,2024-01-13,37000,84.9914,14,2018,가좌동 1981
,2024-01-30,34000,84.9914,27,2018,가좌동 1981
,2024-01-26,33000,75.5364,29,2018,가좌동 1981
,2024-01-20,28000,59.4732,22,2018,가좌동 1981
,2024-02-27,12000,50.94,3,2017,하대동 637
,2024-02-27,12000,50.94,3,2017,하대동 637
,2024-02-03,31500,75.7795,1,2018,가좌동 1981
,2024-02-08,35000,109.9586,3,2021,강남동 387
,2024-02-13,37500,84.9914,4,2018,가좌동 1981
,2024-02-15,35000,84.9914,32,2018,가좌동 1981
,2024-02-06,34000,84.9222,4,2018,가좌동 1981
,2024-02-14,30000,84.9831,25,2021,강남동 387
,2024-02-02,4000,39.49,6,2003,봉곡동 469-9
,2024-03-19,3600,45.81,4,1991,옥봉동 187-1
,2024-03-27,5000,84.63,4,1989,망경동 439-15
,2024-03-27,32000,84.9222,23,2018,가좌동 1981
,2024-03-22,28000,75.3872,12,2018,가좌동 1981
,2024-03-15,11000,51.01,6,2017,하대동 603-8
,2024-03-26,33000,84.9222,1,2018,가좌동 1981
,2024-03-24,30000,75.5364,30,2018,가좌동 1981
,2024-03-15,34000,84.9914,9,2018,가좌동 1981
,2024-03-06,4000,61.41,5,1984,상평동 199-4
,2024-03-16,28000,59.4732,3,2018,가좌동 1981
,2024-03-06,11000,51.01,6,2017,하대동 603-8
,2024-03-05,35000,84.9222,23,2018,가좌동 1981
,2024-04-05,30000,75.5364,4,2018,가좌동 1981
,2024-04-05,30000,75.5364,4,2018,가좌동 1981
,2024-04-13,36000,84.8133,32,2018,가좌동 1981
,2024-04-04,34000,84.9222,6,2018,가좌동 1981
,2024-04-20,29000,75.7795,9,2018,가좌동 1981
,2024-04-13,36000,84.8133,32,2018,가좌동 1981
,2024-04-17,30000,84.9222,3,2018,가좌동 1981
,2024-04-30,30000,84.9222,14,2018,가좌동 1981
,2024-04-16,30000,75.3872,9,2018,가좌동 1981
,2024-04-05,30000,75.5364,4,2018,가좌동 1981
,2024-04-10,30000,84.9806,10,2021,강남동 387
,2024-04-10,11500,54.6,2,2017,하대동 603-8
,2024-04-02,8000,59.142,8,2016,일반성면 창촌리 617-4
,2024-05-17,33000,84.9222,11,2018,가좌동 1981
,2024-05-09,9800,50.94,3,2017,하대동 637
,2024-05-09,10000,50.94,3,2017,하대동 637
,2024-05-07,39000,84.9222,25,2018,가좌동 1981
,2024-05-01,33000,84.9222,6,2018,가좌동 1981
,2024-06-14,26000,59.8868,28,2018,가좌동 1981
,2024-06-22,15000,84.7215,6,2007,칠암동 291
,2024-06-27,31000,84.9914,7,2018,가좌동 1981
,2024-06-23,30000,84.8133,8,2018,가좌동 1981
,2024-06-22,30000,84.9914,23,2018,가좌동 1981
,2024-06-22,32500,59.4732,10,2018,가좌동 1981
,2024-06-26,25000,59.8868,18,2018,가좌동 1981
,2024-06-24,4800,40.56,4,1987,이현동 111-4
,2024-06-05,25000,75.5364,2,2018,가좌동 1981
,2024-06-14,26000,59.8868,28,2018,가좌동 1981
,2024-06-11,27000,75.7795,25,2018,가좌동 1981
,2024-07-04,10000,84.6132,17,2007,금산면 장사리 961-1
,2024-07-30,35000,109.9586,15,2021,강남동 387
,2024-07-03,30000,84.9222,19,2018,가좌동 1981
,2024-07-28,30000,84.8133,22,2018,가좌동 1981
,2024-07-30,35000,109.9586,15,2021,강남동 387
,2024-07-21,27000,59.4732,18,2018,가좌동 1981
,2024-07-14,29900,84.9222,17,2018,가좌동 1981
,2024-07-09,28000,84.8381,9,2018,가좌동 1981
,2024-07-07,28000,75.3872,28,2018,가좌동 1981
,2024-07-08,29000,84.9222,10,2018,가좌동 1981
,2024-07-05,30000,84.9914,18,2018,가좌동 1981
,2024-07-01,3000,83.14,6,1990,금산면 중천리 2-6
,2024-08-28,30000,75.3872,22,2018,가좌동 1981
,2024-08-28,30000,75.3872,22,2018,가좌동 1981
,2024-08-21,32000,84.8381,6,2018,가좌동 1981
,2024-08-01,30000,84.8133,27,2018,가좌동 1981
,2024-08-13,30000,84.9914,4,2018,가좌동 1981
,2024-08-20,26000,75.7795,10,2018,가좌동 1981
,2024-08-17,8000,47.1395,1,2004,봉곡동 478-6
,2024-08-17,30000,84.9914,3,2018,가좌동 1981
,2024-09-07,25000,75.998,12,2021,강남동 387
,2024-09-30,31000,84.9831,10,2021,강남동 387
,2024-09-27,28000,59.8868,28,2018,가좌동 1981
,2024-09-07,25000,75.998,12,2021,강남동 387
,2024-09-27,35000,84.9222,5,2018,가좌동 1981
,2024-09-24,33000,84.9222,21,2018,가좌동 1981
,2024-09-13,4500,59.4,8,1994,문산읍 삼곡리 1350-4
,2024-09-04,38000,109.9586,18,2021,강남동 387
,2024-10-24,5000,47.16,5,1991,하대동 676-6
,2024-10-26,34000,84.8133,22,2018,가좌동 1981
,2024-10-22,6000,79.62,1,1991,하대동 306-1
,2024-10-21,31000,84.9831,19,2021,강남동 387
,2024-10-26,34000,84.8133,22,2018,가좌동 1981
,2024-10-25,7000,83.14,3,1990,금산면 중천리 2-6
,2024-10-19,35000,84.9222,32,2018,가좌동 1981
,2024-11-01,3000,55.65,1,1991,옥봉동 187-1
,2024-11-25,35000,84.8133,4,2018,가좌동 1981
,2024-11-22,28500,75.998,10,2021,강남동 387
,2024-11-06,6000,47.42,2,2003,봉곡동 469-9
,2024-12-28,35000,84.9222,27,2018,가좌동 1981
,2024-12-28,28000,84.8133,4,2018,가좌동 1981
,2024-12-17,36000,84.9222,25,2018,가좌동 1981
,2024-12-19,27000,59.8868,7,2018,가좌동 1981
,2024-12-23,38000,109.9586,17,2021,강남동 387
,2024-12-08,35000,84.8133,29,2018,가좌동 1981
,2025-01-31,30000,84.9914,10,2018,가좌동 1981
,2025-01-19,29000,75.998,27,2021,강남동 387
,2025-01-24,24000,75.998,26,2021,강남동 387
,2025-01-27,32000,84.9806,33,2021,강남동 387
,2025-01-12,33000,84.9806,13,2021,강남동 387
,2025-01-18,29000,75.998,15,2021,강남동 387
,2025-01-17,34000,84.9806,23,2021,강남동 387
,2025-01-17,30000,75.5364,33,2018,가좌동 1981
,2025-01-14,30000,75.3872,6,2018,가좌동 1981
,2025-01-09,13000,80.38,8,1998,하대동 308-22
,2025-01-11,27000,84.9914,1,2018,가좌동 1981
,2025-01-08,28000,75.998,18,2021,강남동 387
,2025-01-07,6600,156.63,2,1992,칠암동 518-6
,2025-02-21,8000,66.6,4,1986,상대동 772-1
,2025-02-13,5700,74.34,1,1992,이현동 270
,2025-02-08,31500,84.9222,7,2018,가좌동 1981
,2025-02-18,11000,77.69,9,1992,망경동 45-4
,2025-02-18,11000,77.69,9,1992,망경동 45-4
,2025-02-16,6000,35.6478,3,2004,봉곡동 478-6
,2025-02-28,28000,84.9806,9,2021,강남동 387
,2025-02-18,10000,54.09,2,2017,하대동 637
,2025-02-18,13000,77.69,9,1992,망경동 45-4
,2025-02-12,28000,75.998,30,2021,강남동 387
,2025-02-15,30400,84.9222,16,2018,가좌동 1981
,2025-02-15,30400,84.9222,16,2018,가좌동 1981
,2025-02-12,35000,84.9914,5,2018,가좌동 1981
,2025-02-07,35000,84.9222,31,2018,가좌동 1981
,2025-02-04,29000,84.8133,7,2018,가좌동 1981
,2025-03-13,7000,58.55,6,2004,봉곡동 474-37
,2025-03-07,29000,84.9806,15,2021,강남동 387
,2025-03-23,35000,84.9222,18,2018,가좌동 1981
,2025-03-20,7000,32.22,3,2017,하대동 603-8
,2025-03-16,8500,68.31,1,1987,인사동 139-1
,2025-03-16,8500,68.31,1,1987,인사동 139-1
,2025-04-19,30000,84.9831,9,2021,강남동 387
,2025-04-18,27300,75.998,8,2021,강남동 387
,2025-04-01,33000,84.9222,1,2018,가좌동 1981
