단지명,계약일자,거래금액,전용면적,층,건축년도,도로명
,2023-01-27,4450,40.56,1,1987,숙호산로
,2023-01-12,8900,84.2,7,1993,향교로115번길
,2023-01-27,11200,59.73,6,1998,신안로
,2023-01-26,18000,84.58,2,2005,돗골로106번길
,2023-01-11,9000,59.49,3,1987,서장대로278번길
,2023-01-09,7300,68.54,4,1989,공단로91번길
,2023-02-13,13900,136.3,6,1993,향교로115번길
,2023-02-28,18700,84.7215,7,2007,진주대로954번길
,2023-02-09,8600,83.4,1,1989,신안로
,2023-02-05,22500,84.58,8,2005,돗골로106번길
,2023-02-18,11800,84.63,4,1989,망경남길
,2023-02-21,8200,84.63,5,1988,신안로164번길
,2023-02-20,8000,83.64,6,1992,숙호산로
,2023-02-17,15350,84.732,5,2011,진양호로570번길
,2023-02-11,6300,56.74,5,1991,말티고개로100번길
,2023-02-15,7700,64.5,3,1990,망진산길
,2023-02-10,6900,75.71,5,1989,망경남길
,2023-02-12,6300,56.74,5,1991,말티고개로100번길
,2023-02-07,8900,71.58,2,1988,평거로284번길
,2023-02-06,19000,84.546,3,2007,진주대로954번길
,2023-03-22,3270,30.6298,3,2004,북장대로35번길
,2023-03-22,3820,35.6478,2,2004,북장대로35번길
,2023-03-30,4000,39.49,4,2003,북장대로35번길
,2023-03-24,3270,30.6298,3,2004,북장대로35번길
,2023-03-24,3820,35.6478,2,2004,북장대로35번길
,2023-03-25,5200,39.49,5,2003,북장대로35번길
,2023-03-23,7300,73.6,4,1990,숙호산로
,2023-03-23,25000,164.8,9,2001,도동로263번길
,2023-03-15,11200,59.99,12,2002,촉석로50번길
,2023-03-01,7500,73.11,2,1987,서장대로393번길
,2023-03-10,1600,14.63,2,2003,북장대로35번길
,2023-03-03,11000,82.02,1,1987,서장대로393번길
,2023-03-07,15000,102.34,3,2005,창렬로14번길
,2023-04-20,6900,57.31,7,1993,향교로115번길
,2023-04-29,11900,84.96,1,1991,남강로503번길
,2023-04-21,8300,56.26,1,1990,하대로106번길
,2023-04-12,8950,84.705,5,1991,하대로105번길
,2023-04-25,8000,84.63,4,1988,신안로164번길
,2023-04-20,11500,83.4,1,1989,신안로
,2023-04-10,10700,82.02,4,1987,서장대로393번길
,2023-04-21,4500,59.64,5,1990,망진산길
,2023-04-09,13900,49.74,2,2017,하대로26번길
,2023-04-22,14000,59.99,4,2002,촉석로50번길
,2023-04-07,5500,79.24,5,1986,진주대로1195번길
,2023-04-07,9550,76.55,4,1990,하대로106번길
,2023-04-12,9800,84.64,1,1992,숙호산로
,2023-04-13,4300,51.54,3,1990,망진산길
,2023-04-01,12800,59.73,14,1998,신안로
,2023-04-06,7300,58.67,3,1990,숙호산로
,2023-04-05,6500,54.3,1,1991,말티고개로100번길
,2023-04-05,5400,53.86,3,1990,숙호산로
,2023-04-03,12400,59.82,3,2000,남강로736번길
,2023-05-29,5350,61.41,3,1984,공단로139번길
,2023-05-08,9000,68.54,1,1989,공단로91번길
,2023-05-20,11500,83.4,4,1989,신안로
,2023-05-26,6500,54.3,1,1991,말티고개로100번길
,2023-05-23,14400,84.96,4,2002,남강로1413번길
,2023-05-08,9200,75.71,3,1989,망경남길
,2023-05-07,3900,39.49,3,2003,북장대로35번길
,2023-06-08,9800,83.4,4,1989,신안로
,2023-06-12,6800,59.94,2,1990,남강로1093번길
,2023-06-12,10700,84.63,2,1988,신안로164번길
,2023-06-19,7800,59.87,3,1987,숙호산로
,2023-06-13,6200,71.34,5,1991,하대로105번길
,2023-06-15,15900,97.14,5,1989,진주대로986번길
,2023-06-10,11800,89.17,1,1989,진주대로986번길
,2023-06-03,4600,59.79,5,1990,공단로236번길
,2023-07-20,6700,77.92,2,1991,숙호산로
,2023-07-27,7500,70.56,5,1991,말티고개로100번길
,2023-07-07,14300,89.17,4,1989,진주대로986번길
,2023-07-20,6800,68.54,4,1989,공단로91번길
,2023-08-19,7300,59.83,8,1994,진의로1079번길
,2023-08-21,12850,59.82,3,2000,남강로736번길
,2023-08-24,17500,84.86,6,1998,신안로
,2023-08-11,4500,30.66,4,2002,비봉로57번길
,2023-08-16,22500,84.96,10,2000,남강로736번길
,2023-08-22,6500,47.16,3,1991,말티고개로100번길
,2023-08-14,8300,75.73,5,1989,하대로106번길
,2023-09-15,8500,59.83,3,1994,진의로1079번길
,2023-09-20,9300,77.21,4,1990,숙호산로
,2023-09-23,5800,70.68,6,1991,말티고개로100번길
,2023-09-11,10500,80.37,4,1991,강남로177번길
,2023-09-25,9900,84.64,2,1992,숙호산로
,2023-09-22,12900,59.73,13,1998,신안로
,2023-09-11,9500,119.15,4,1989,남강로539번길
,2023-09-06,15300,136.3,7,1993,향교로115번길
,2023-09-04,18000,84.7215,8,2007,진주대로954번길
,2023-09-06,5200,66.24,5,1991,숙호산로
,2023-10-26,12150,84.31,2,2017,하대로26번길
,2023-10-26,12150,84.31,3,2017,하대로26번길
,2023-10-23,6500,59.35,1,1990,남강로1069번길
,2023-10-27,9500,59.49,2,1987,서장대로278번길
,2023-10-26,8500,70.68,3,1989,하대로106번길
,2023-10-31,10400,83.1,3,1987,서장대로393번길
,2023-10-27,9900,83.26,5,1984,동진로119번길
,2023-10-20,12900,59.857,7,2016,동부로1959번길
,2023-10-30,10000,68.54,3,1989,공단로91번길
,2023-10-20,12500,84.57,4,1989,하대로106번길
,2023-10-11,8450,70.68,3,1989,하대로106번길
,2023-10-14,17800,84.6132,15,2007,중천로67번길
,2023-10-03,5900,59.35,3,1990,남강로1069번길
,2023-10-06,4300,59.64,5,1990,망진산길
,2023-11-25,10800,59.49,2,1987,서장대로278번길
,2023-11-17,8300,54.09,3,2017,하대로26번길
,2023-11-17,4800,31.92,3,2017,하대로26번길
,2023-11-30,4300,44.06,3,1990,석갑로142번길
,2023-11-28,13750,45.51,6,2017,하대로26번길
,2023-11-24,4100,51.04,5,1990,숙호산로
,2023-11-09,9250,65.73,3,1986,모덕로64번길
,2023-11-20,8200,75.73,5,1989,하대로106번길
,2023-11-24,12150,84.31,2,2017,하대로26번길
,2023-11-13,9000,31.92,3,2017,하대로26번길
,2023-11-20,16700,54.6,5,2017,하대로26번길
,2023-11-14,7000,84.77,2,1989,숙호산로
,2023-12-19,17000,124.7,3,1989,모덕로270번길
,2023-12-29,17700,84.6974,5,2001,천수로298번길
,2023-12-25,10000,80.28,4,1987,서장대로393번길
,2023-12-14,7200,65.73,5,1986,모덕로64번길
,2023-12-22,8300,54.09,3,2017,하대로26번길
,2023-12-28,9000,84.15,2,1987,북장대로6번길
,2023-12-19,17000,124.7,3,1989,모덕로270번길
,2023-12-01,12700,81.52,1,1990,하대로106번길
,2023-12-12,15500,76.5349,4,2020,광제산로26번길
,2023-12-12,16600,81.7626,5,2020,광제산로26번길
,2023-12-12,16700,81.6426,6,2020,광제산로26번길
,2023-12-12,16700,81.6426,7,2020,광제산로26번길
,2023-12-12,15600,76.5349,8,2020,광제산로26번길
,2023-12-12,16300,81.6426,10,2020,광제산로26번길
,2023-12-08,11700,84.57,4,1989,하대로106번길
,2023-12-09,18700,84.6132,18,2007,중천로67번길
,2023-12-01,18000,84.6132,10,2007,중천로67번길
,2023-12-06,13000,84.64,2,1992,숙호산로
,2024-01-29,7700,59.94,1,1990,남강로1093번길
,2024-01-29,14800,83.2382,8,2007,월아산로1088번길
,2024-01-24,14000,104.8,1,1989,모덕로270번길
,2024-01-13,7500,68.31,5,1987,북장대로6번길
,2024-01-11,9700,65.2,1,1985,동진로
,2024-01-12,14900,48.06,5,2017,하대로26번길
,2024-01-11,10000,76.28,3,2001,대신로307번길
,2024-01-08,6900,77.21,3,1990,숙호산로
,2024-01-03,17600,84.86,9,1998,신안로
,2024-02-26,13200,59.94,5,2000,남강로736번길
,2024-02-28,6400,77.55,4,1989,숙호산로
,2024-02-24,18700,84.6132,7,2007,중천로67번길
,2024-02-13,3900,44.7,5,1990,남강로1093번길
,2024-02-22,18000,78.54,5,2002,촉석로50번길
,2024-02-29,6700,59.35,1,1990,남강로1069번길
,2024-02-29,7000,56.26,2,1990,하대로106번길
,2024-02-24,6500,66.24,1,1991,숙호산로
,2024-02-24,6800,82.3,5,1989,서장대로213번길
,2024-02-22,8300,82.77,5,1987,서장대로393번길
,2024-02-16,14000,81.5,4,2004,대신로299번길
,2024-02-28,17700,84.6974,5,2001,천수로298번길
,2024-02-22,5600,56.74,4,1991,말티고개로100번길
,2024-02-20,7500,59.87,2,1987,숙호산로
,2024-02-16,10300,80.24,2,1990,석갑로142번길
,2024-02-09,12500,58.284,7,2016,동부로1959번길
,2024-02-11,5810,84.81,2,2001,나불로
,2024-02-07,9700,84.81,2,2001,나불로
,2024-02-03,5300,44.7,2,1990,남강로1093번길
,2024-03-29,13000,119.15,1,1989,남강로539번길
,2024-03-09,18400,147.33,8,1989,진주대로986번길
,2024-03-07,6900,49.05,3,1986,평거로264번길
,2024-03-20,13600,46.9,3,2017,하대로26번길
,2024-03-24,7500,77.92,4,1991,숙호산로
,2024-03-14,3800,59.35,4,1990,남강로1069번길
,2024-03-18,9100,78.31,5,1988,천수로298번길
,2024-03-22,17500,84.6132,9,2007,중천로67번길
,2024-03-21,14500,126.36,7,1989,진주대로986번길
,2024-03-09,9500,76.28,2,2001,대신로307번길
,2024-03-13,8000,54.24,3,1987,숙호산로
,2024-03-05,12800,59.73,8,1998,신안로
,2024-03-07,7650,59.49,2,1987,서장대로278번길
,2024-03-01,9800,84.63,5,1988,신안로164번길
,2024-04-28,10900,84.64,13,1992,숙호산로
,2024-04-24,13400,83.64,8,1992,숙호산로
,2024-04-26,6400,40.56,2,1987,숙호산로
,2024-04-16,12000,59.857,10,2016,동부로1959번길
,2024-04-20,19500,84.58,4,2005,돗골로106번길
,2024-04-22,18100,84.97,7,2001,도동로263번길
,2024-04-20,8900,59.89,3,1996,숙호산로
,2024-04-15,20000,78.54,1,2002,촉석로50번길
,2024-04-10,13800,50.94,2,2017,하대로26번길
,2024-04-18,2000,14.63,2,2003,북장대로35번길
,2024-04-01,17000,84.6132,17,2007,중천로67번길
,2024-04-19,8200,63.75,5,1987,서장대로393번길
,2024-04-19,9750,84.63,3,1988,신안로164번길
,2024-04-08,8300,56.26,2,1990,하대로106번길
,2024-04-04,8700,58.55,6,2004,북장대로63번길
,2024-05-25,12500,58.284,9,2016,동부로1959번길
,2024-05-12,11000,75.73,3,1989,하대로106번길
,2024-05-29,5300,54.24,4,1987,숙호산로
,2024-05-11,6300,66.24,6,1991,숙호산로
,2024-05-03,16000,81.5,3,2004,대신로299번길
,2024-05-23,9000,83.24,3,1987,서장대로278번길
,2024-05-19,8200,66.6,3,1986,모덕로64번길
,2024-05-15,10900,76.55,3,1990,하대로106번길
,2024-05-16,17000,84.6132,6,2007,중천로67번길
,2024-05-07,18000,81.81,2,2017,하대로26번길
,2024-05-09,12400,84.96,2,1991,남강로503번길
,2024-05-02,16000,136.3,12,1993,향교로115번길
,2024-06-08,15300,83.26,2,1984,동진로119번길
,2024-06-03,19000,84.732,7,2011,진양호로570번길
,2024-06-25,6800,82.3,5,1989,서장대로213번길
,2024-06-11,7500,59.19,2,1985,동진로
,2024-06-04,6300,59.35,1,1990,남강로1069번길
,2024-06-03,3800,54.24,5,1987,숙호산로
,2024-07-25,14500,52.47,6,2017,하대로26번길
,2024-07-25,12800,59.73,10,1998,신안로
,2024-07-02,9200,72.26,2,1988,평거로284번길
,2024-07-07,6500,77.92,3,1991,숙호산로
,2024-07-14,19000,84.58,9,2005,돗골로106번길
,2024-07-04,10000,84.64,7,1992,숙호산로
,2024-07-10,9300,78.31,3,1988,천수로298번길
,2024-07-08,12500,61.64,4,2005,창렬로14번길
,2024-08-22,6200,64.5,4,1990,망진산길
,2024-08-27,12000,58.284,5,2016,동부로1959번길
,2024-08-13,12000,146.39,1,1990,석갑로173번길
,2024-08-07,9000,84.79,1,1993,의병로243번길
,2024-08-19,9500,78.92,3,1996,숙호산로
,2024-08-02,7400,59.79,3,1990,공단로236번길
,2024-08-01,15900,84.96,4,1991,남강로503번길
,2024-08-02,18700,84.6132,3,2007,중천로67번길
,2024-08-02,14500,59.99,11,2002,촉석로50번길
,2024-09-30,14200,59.99,4,2002,촉석로50번길
,2024-09-30,5500,58.18,4,1990,공단로236번길
,2024-09-13,17300,84.6974,5,2001,천수로298번길
,2024-09-20,7300,59.49,4,1987,서장대로278번길
,2024-09-12,15100,106.61,4,2005,창렬로14번길
,2024-09-10,3500,30.66,3,2002,비봉로57번길
,2024-09-10,8500,84.87,4,1994,진의로1079번길
,2024-09-02,3400,51.54,4,1990,망진산길
,2024-10-18,9000,77.55,5,1989,숙호산로
,2024-10-15,6500,58.18,1,1990,공단로236번길
,2024-10-29,16500,81.6426,7,2020,광제산로26번길
,2024-10-26,13000,80.24,3,1990,석갑로142번길
,2024-10-09,8500,84.63,5,1989,망경남길
,2024-10-27,3300,30.6298,3,2004,북장대로35번길
,2024-10-27,4000,35.6478,2,2004,북장대로35번길
,2024-10-05,8300,79.62,4,1991,하대로105번길
,2024-10-09,22500,84.6132,6,2007,중천로67번길
,2024-10-18,17000,84.87,6,1998,신안로
,2024-10-11,4800,77.92,6,1991,숙호산로
,2024-10-08,9300,84.15,2,1987,북장대로6번길
,2024-10-07,13500,138.9,1,1993,의병로243번길
,2024-10-03,10500,84.2,12,1993,향교로115번길
,2024-11-27,4300,34.56,3,2002,비봉로57번길
,2024-11-13,10700,83.24,3,1987,서장대로278번길
,2024-11-07,7000,84.15,3,1987,북장대로6번길
,2024-11-19,7000,59.83,5,1994,진의로1079번길
,2024-11-11,12800,84.96,2,1991,남강로503번길
,2024-11-01,17850,126.36,6,1989,진주대로986번길
,2024-11-06,4900,80.38,6,1991,숙호산로
,2024-11-05,13500,41.94,6,2017,하대로26번길
,2024-12-25,19500,84.4724,4,2005,진주대로1178번길
,2024-12-30,9000,84.2,10,1993,향교로115번길
,2024-12-10,14000,83.26,3,1984,동진로119번길
,2024-12-17,7500,83.24,2,1987,서장대로278번길
,2024-12-20,12000,41.94,2,2017,하대로26번길
,2024-12-20,10500,66.6,3,1986,모덕로64번길
,2024-12-15,15900,104.8,1,1989,모덕로270번길
,2024-12-12,6500,40.56,4,1987,숙호산로
,2024-12-05,10400,59.19,1,1985,동진로
,2024-12-06,12500,58.284,7,2016,동부로1959번길
,2024-12-03,10800,84.99,2,1993,의병로243번길
,2025-01-30,12000,76.86,3,1986,진주대로1195번길
,2025-01-14,8500,84.63,5,1989,망경남길
,2025-01-15,3800,30.6298,3,2004,북장대로35번길
,2025-01-21,4300,35.6478,2,2004,북장대로35번길
,2025-01-14,12200,59.73,12,1998,신안로
,2025-01-13,16300,81.6426,6,2020,광제산로26번길
,2025-01-12,16300,57.0,6,2017,하대로26번길
,2025-01-07,22000,156.63,2,1992,진주대로920번길
,2025-02-28,7000,66.6,4,1986,모덕로64번길
,2025-02-18,7000,77.92,3,1991,숙호산로
,2025-02-26,12800,126.36,1,1989,진주대로986번길
,2025-02-25,3500,44.7,5,1990,남강로1093번길
,2025-02-21,12500,58.284,4,2016,동부로1959번길
,2025-02-18,4300,30.6298,2,2004,북장대로35번길
,2025-02-07,7200,70.42,5,1990,하대로106번길
,2025-02-13,18500,84.6132,11,2007,중천로67번길
,2025-02-14,11000,84.75,4,2004,상봉대룡길5번길
,2025-02-07,6550,42.288,3,2004,북장대로35번길
,2025-02-06,6300,57.31,9,1993,향교로115번길
,2025-03-24,13800,84.2,6,1993,향교로115번길
,2025-03-21,16400,81.7626,5,2020,광제산로26번길
,2025-03-28,12000,59.73,10,1998,신안로
,2025-03-24,9200,84.81,3,2001,나불로
,2025-03-14,4500,66.02,1,1984,공단로139번길
,2025-03-06,4200,50.22,5,1986,평거로264번길
,2025-03-04,9950,83.4,3,1989,신안로
,2025-03-01,13000,45.51,2,2017,하대로26번길
,2025-04-12,5600,59.79,3,1990,공단로236번길
,2025-04-12,4050,40.56,1,1987,숙호산로
